,region,network,community_index
0,isthmuscingulate,DMN,2
1,superiorparietal,Somatomotor,9
2,precentral,Somatomotor,9
3,superiorfrontal,Ventral_Attention,10
4,superiorparietal,Visual,11
5,lingual,Visual,11
6,middletemporal,Frontoparietal,4
7,insula,Somatomotor,9
8,temporalpole,Zero,12
9,isthmuscingulate,Medial_Parietal,6
10,precuneus,DMN,2
11,precuneus,Parieto_occipital,7
12,isthmuscingulate,Parieto_occipital,7
13,precuneus,Visual,11
14,lingual,Visual,11
15,???,Zero,12
16,isthmuscingulate,DMN,2
17,parahippocampal,Parieto_occipital,7
18,isthmuscingulate,Parieto_occipital,7
19,posteriorcingulate,Frontoparietal,4
20,posteriorcingulate,Medial_Parietal,6
21,posteriorcingulate,Somatomotor,9
22,posteriorcingulate,Somatomotor,9
23,superiorfrontal,Cingulo_opercular,1
24,superiorfrontal,DMN,2
25,superiorfrontal,Frontoparietal,4
26,superiorfrontal,Frontoparietal,4
27,caudalanteriorcingulate,Salience,8
28,rostralanteriorcingulate,Salience,8
29,posteriorcingulate,Medial_Parietal,6
30,posteriorcingulate,Medial_Parietal,6
31,caudalanteriorcingulate,Zero,12
32,superiorfrontal,Cingulo_opercular,1
33,caudalanteriorcingulate,Cingulo_opercular,1
34,precuneus,Somatomotor,9
35,precuneus,Somatomotor,9
36,superiorparietal,Zero,12
37,precentral,Somatomotor,9
38,precentral,Somatomotor,9
39,paracentral,Somatomotor,9
40,superiorfrontal,Somatomotor,9
41,superiorfrontal,Cingulo_opercular,1
42,precuneus,Cingulo_opercular,1
43,precuneus,Cingulo_opercular,1
44,postcentral,Somatomotor,9
45,paracentral,Somatomotor,9
46,paracentral,Somatomotor,9
47,paracentral,Somatomotor,9
48,superiorfrontal,Somatomotor,9
49,superiorfrontal,Cingulo_opercular,1
50,postcentral,Somatomotor,9
51,precentral,Somatomotor,9
52,precentral,Somatomotor,9
53,precentral,Ventral_Attention,10
54,caudalmiddlefrontal,Cingulo_opercular,1
55,caudalmiddlefrontal,Frontoparietal 2,5
56,superiorfrontal,Frontoparietal,4
57,superiorfrontal,Frontoparietal,4
58,postcentral,Somatomotor,9
59,postcentral,Somatomotor,9
60,precentral,Somatomotor,9
61,precentral,Somatomotor,9
62,precentral,Cingulo_opercular,1
63,precentral,Somatomotor,9
64,precentral,Somatomotor,9
65,superiorfrontal,Somatomotor,9
66,superiorfrontal,Dorsal_Attention,3
67,superiorparietal,Somatomotor,9
68,superiorparietal,Cingulo_opercular,1
69,superiorparietal,Somatomotor,9
70,superiorparietal,Somatomotor,9
71,superiorparietal,Somatomotor,9
72,superiorparietal,Dorsal_Attention,3
73,supramarginal,Frontoparietal,4
74,supramarginal,Frontoparietal,4
75,precentral,Somatomotor,9
76,postcentral,Somatomotor,9
77,postcentral,Somatomotor,9
78,postcentral,Somatomotor,9
79,supramarginal,Dorsal_Attention,3
80,superiorparietal,Somatomotor,9
81,superiorparietal,Somatomotor,9
82,postcentral,Somatomotor,9
83,postcentral,Somatomotor,9
84,postcentral,Somatomotor,9
85,postcentral,Somatomotor,9
86,precentral,Somatomotor,9
87,supramarginal,Frontoparietal,4
88,inferiorparietal,Frontoparietal,4
89,inferiorparietal,DMN,2
90,inferiorparietal,DMN,2
91,middletemporal,Ventral_Attention,10
92,bankssts,Ventral_Attention,10
93,supramarginal,Cingulo_opercular,1
94,supramarginal,Cingulo_opercular,1
95,supramarginal,Cingulo_opercular,1
96,supramarginal,Cingulo_opercular,1
97,supramarginal,Cingulo_opercular,1
98,middletemporal,Frontoparietal,4
99,superiortemporal,Cingulo_opercular,1
100,bankssts,Cingulo_opercular,1
101,superiortemporal,Cingulo_opercular,1
102,superiortemporal,Cingulo_opercular,1
103,transversetemporal,Cingulo_opercular,1
104,bankssts,Ventral_Attention,10
105,supramarginal,Frontoparietal 2,5
106,supramarginal,Cingulo_opercular,1
107,supramarginal,Ventral_Attention,10
108,superiortemporal,Ventral_Attention,10
109,superiortemporal,Cingulo_opercular,1
110,superiortemporal,Cingulo_opercular,1
111,superiortemporal,Cingulo_opercular,1
112,insula,Cingulo_opercular,1
113,insula,Cingulo_opercular,1
114,superiortemporal,Cingulo_opercular,1
115,parstriangularis,Cingulo_opercular,1
116,parstriangularis,Cingulo_opercular,1
117,parsopercularis,Ventral_Attention,10
118,parsopercularis,Cingulo_opercular,1
119,precentral,Cingulo_opercular,1
120,insula,Somatomotor,9
121,parsorbitalis,Frontoparietal,4
122,parsorbitalis,Frontoparietal,4
123,lateralorbitofrontal,DMN,2
124,insula,DMN,2
125,insula,Cingulo_opercular,1
126,insula,Salience,8
127,insula,Frontoparietal,4
128,parstriangularis,Ventral_Attention,10
129,parsorbitalis,DMN,2
130,parstriangularis,Ventral_Attention,10
131,superiorparietal,Cingulo_opercular,1
132,superiorparietal,Zero,12
133,superiorparietal,Cingulo_opercular,1
134,superiorparietal,Dorsal_Attention,3
135,superiorparietal,Visual,11
136,superiorparietal,Visual,11
137,superiorparietal,Visual,11
138,precuneus,Parieto_occipital,7
139,precuneus,Visual,11
140,cuneus,Visual,11
141,superiorparietal,Visual,11
142,superiorparietal,Visual,11
143,superiorparietal,Dorsal_Attention,3
144,superiorparietal,Frontoparietal,4
145,superiorparietal,Visual,11
146,precuneus,Medial_Parietal,6
147,precuneus,Frontoparietal 2,5
148,precuneus,Cingulo_opercular,1
149,precuneus,DMN,2
150,precuneus,Medial_Parietal,6
151,precuneus,DMN,2
152,inferiorparietal,Visual,11
153,inferiorparietal,Frontoparietal 2,5
154,inferiorparietal,Frontoparietal,4
155,inferiorparietal,Frontoparietal,4
156,inferiorparietal,Frontoparietal,4
157,inferiorparietal,Frontoparietal,4
158,inferiorparietal,Dorsal_Attention,3
159,superiorparietal,Frontoparietal,4
160,superiorparietal,Dorsal_Attention,3
161,superiorparietal,Visual,11
162,superiorparietal,Somatomotor,9
163,lateraloccipital,Visual,11
164,lateraloccipital,Visual,11
165,lateraloccipital,Visual,11
166,lateraloccipital,Visual,11
167,inferiortemporal,Visual,11
168,lateraloccipital,Cingulo_opercular,1
169,inferiortemporal,Frontoparietal,4
170,middletemporal,Frontoparietal,4
171,inferiorparietal,Cingulo_opercular,1
172,inferiorparietal,Parieto_occipital,7
173,inferiorparietal,Cingulo_opercular,1
174,precentral,Cingulo_opercular,1
175,postcentral,Cingulo_opercular,1
176,supramarginal,Cingulo_opercular,1
177,supramarginal,Cingulo_opercular,1
178,supramarginal,Cingulo_opercular,1
179,supramarginal,Cingulo_opercular,1
180,supramarginal,Somatomotor,9
181,postcentral,Somatomotor,9
182,caudalmiddlefrontal,Frontoparietal,4
183,caudalmiddlefrontal,Frontoparietal,4
184,caudalmiddlefrontal,Ventral_Attention,10
185,rostralmiddlefrontal,Frontoparietal,4
186,rostralmiddlefrontal,Frontoparietal,4
187,parsopercularis,Frontoparietal,4
188,precentral,Cingulo_opercular,1
189,rostralmiddlefrontal,Frontoparietal,4
190,parsopercularis,Frontoparietal,4
191,parsopercularis,Frontoparietal,4
192,parsopercularis,Dorsal_Attention,3
193,precentral,Dorsal_Attention,3
194,parsopercularis,Frontoparietal,4
195,precentral,Somatomotor,9
196,rostralmiddlefrontal,Frontoparietal,4
197,rostralmiddlefrontal,Frontoparietal,4
198,rostralmiddlefrontal,Frontoparietal,4
199,rostralmiddlefrontal,Frontoparietal,4
200,rostralmiddlefrontal,Zero,12
201,medialorbitofrontal,DMN,2
202,medialorbitofrontal,DMN,2
203,medialorbitofrontal,Frontoparietal,4
204,entorhinal,Zero,12
205,lateralorbitofrontal,DMN,2
206,insula,Zero,12
207,rostralmiddlefrontal,Frontoparietal,4
208,lateralorbitofrontal,Frontoparietal,4
209,lateralorbitofrontal,Cingulo_opercular,1
210,insula,Zero,12
211,lateralorbitofrontal,Zero,12
212,lateralorbitofrontal,Frontoparietal,4
213,lateralorbitofrontal,Frontoparietal,4
214,lateralorbitofrontal,Zero,12
215,lateralorbitofrontal,Zero,12
216,lateralorbitofrontal,Frontoparietal,4
217,medialorbitofrontal,Zero,12
218,medialorbitofrontal,Zero,12
219,medialorbitofrontal,DMN,2
220,inferiortemporal,Frontoparietal,4
221,middletemporal,DMN,2
222,middletemporal,DMN,2
223,middletemporal,DMN,2
224,fusiform,Parieto_occipital,7
225,parahippocampal,Zero,12
226,parahippocampal,Zero,12
227,fusiform,Visual,11
228,fusiform,Visual,11
229,fusiform,Visual,11
230,inferiortemporal,Visual,11
231,inferiortemporal,Frontoparietal,4
232,temporalpole,DMN,2
233,inferiortemporal,Zero,12
234,inferiortemporal,Frontoparietal,4
235,inferiortemporal,Zero,12
236,inferiortemporal,Zero,12
237,inferiortemporal,Zero,12
238,inferiortemporal,Dorsal_Attention,3
239,fusiform,Zero,12
240,fusiform,Zero,12
241,fusiform,Zero,12
242,lateraloccipital,Visual,11
243,lateraloccipital,Visual,11
244,lateraloccipital,Visual,11
245,lingual,Visual,11
246,lateraloccipital,Visual,11
247,lateraloccipital,Visual,11
248,lateraloccipital,Visual,11
249,inferiortemporal,Visual,11
250,lateraloccipital,Visual,11
251,lateraloccipital,Visual,11
252,lateraloccipital,Visual,11
253,fusiform,Visual,11
254,fusiform,Visual,11
255,lingual,Visual,11
256,lateraloccipital,Visual,11
257,pericalcarine,Visual,11
258,superiorparietal,Visual,11
259,lingual,Visual,11
260,pericalcarine,Visual,11
261,cuneus,Visual,11
262,cuneus,Parieto_occipital,7
263,cuneus,Visual,11
264,cuneus,Visual,11
265,precuneus,Parieto_occipital,7
266,???,Zero,12
267,parahippocampal,Zero,12
268,parahippocampal,Zero,12
269,???,Zero,12
270,superiorfrontal,DMN,2
271,superiorfrontal,DMN,2
272,superiorfrontal,Frontoparietal,4
273,rostralmiddlefrontal,Frontoparietal,4
274,rostralmiddlefrontal,DMN,2
275,rostralmiddlefrontal,Frontoparietal,4
276,medialorbitofrontal,Cingulo_opercular,1
277,rostralanteriorcingulate,Salience,8
278,rostralmiddlefrontal,Ventral_Attention,10
279,rostralmiddlefrontal,Frontoparietal,4
280,superiorfrontal,Salience,8
281,superiorfrontal,DMN,2
282,rostralmiddlefrontal,Frontoparietal,4
283,rostralanteriorcingulate,DMN,2
284,superiorfrontal,Frontoparietal,4
285,superiorfrontal,DMN,2
286,rostralmiddlefrontal,DMN,2
287,superiorfrontal,Frontoparietal,4
288,superiorfrontal,Frontoparietal,4
289,rostralmiddlefrontal,Cingulo_opercular,1
290,superiorfrontal,Frontoparietal,4
291,superiorfrontal,DMN,2
292,rostralmiddlefrontal,Cingulo_opercular,1
293,rostralmiddlefrontal,Cingulo_opercular,1
294,rostralmiddlefrontal,Frontoparietal 2,5
295,rostralmiddlefrontal,Frontoparietal,4
296,caudalmiddlefrontal,DMN,2
297,caudalmiddlefrontal,Frontoparietal,4
298,caudalmiddlefrontal,Frontoparietal,4
299,superiortemporal,Zero,12
300,transversetemporal,Cingulo_opercular,1
301,superiortemporal,Zero,12
302,superiortemporal,Zero,12
303,superiortemporal,Cingulo_opercular,1
304,superiortemporal,Cingulo_opercular,1
305,superiortemporal,Ventral_Attention,10
306,superiortemporal,Ventral_Attention,10
307,superiortemporal,Ventral_Attention,10
308,middletemporal,Ventral_Attention,10
309,precuneus,DMN,2
310,superiorparietal,Somatomotor,9
311,precentral,Cingulo_opercular,1
312,superiorfrontal,Ventral_Attention,10
313,lateraloccipital,Visual,11
314,rostralmiddlefrontal,Frontoparietal,4
315,lingual,Zero,12
316,middletemporal,Frontoparietal,4
317,insula,Somatomotor,9
318,insula,Zero,12
319,isthmuscingulate,Medial_Parietal,6
320,isthmuscingulate,Parieto_occipital,7
321,isthmuscingulate,Parieto_occipital,7
322,lingual,Visual,11
323,lingual,Visual,11
324,???,Zero,12
325,parahippocampal,Zero,12
326,isthmuscingulate,Medial_Parietal,6
327,isthmuscingulate,Parieto_occipital,7
328,posteriorcingulate,Frontoparietal,4
329,posteriorcingulate,Cingulo_opercular,1
330,posteriorcingulate,Somatomotor,9
331,paracentral,Somatomotor,9
332,superiorfrontal,Cingulo_opercular,1
333,superiorfrontal,Frontoparietal,4
334,superiorfrontal,Salience,8
335,rostralanteriorcingulate,DMN,2
336,medialorbitofrontal,Salience,8
337,superiorfrontal,Cingulo_opercular,1
338,posteriorcingulate,Medial_Parietal,6
339,caudalanteriorcingulate,Zero,12
340,caudalanteriorcingulate,Cingulo_opercular,1
341,caudalanteriorcingulate,Cingulo_opercular,1
342,caudalanteriorcingulate,Cingulo_opercular,1
343,precuneus,DMN,2
344,precuneus,Cingulo_opercular,1
345,precuneus,Cingulo_opercular,1
346,precuneus,Somatomotor,9
347,superiorparietal,Somatomotor,9
348,superiorparietal,Zero,12
349,superiorparietal,Somatomotor,9
350,postcentral,Somatomotor,9
351,precentral,Somatomotor,9
352,precentral,Somatomotor,9
353,precentral,Somatomotor,9
354,superiorfrontal,Somatomotor,9
355,superiorfrontal,Cingulo_opercular,1
356,posteriorcingulate,Cingulo_opercular,1
357,paracentral,Cingulo_opercular,1
358,superiorfrontal,Cingulo_opercular,1
359,postcentral,Somatomotor,9
360,precentral,Somatomotor,9
361,precentral,Somatomotor,9
362,precentral,Ventral_Attention,10
363,caudalmiddlefrontal,Frontoparietal,4
364,caudalmiddlefrontal,Frontoparietal,4
365,superiorfrontal,Frontoparietal 2,5
366,superiorfrontal,Frontoparietal,4
367,postcentral,Somatomotor,9
368,precentral,Cingulo_opercular,1
369,precentral,Somatomotor,9
370,precentral,Somatomotor,9
371,precentral,Somatomotor,9
372,precentral,Somatomotor,9
373,precentral,Somatomotor,9
374,precentral,Somatomotor,9
375,superiorparietal,Somatomotor,9
376,superiorparietal,Somatomotor,9
377,superiorparietal,Somatomotor,9
378,superiorparietal,Somatomotor,9
379,superiorparietal,Somatomotor,9
380,supramarginal,Frontoparietal,4
381,supramarginal,Frontoparietal,4
382,postcentral,Somatomotor,9
383,postcentral,Somatomotor,9
384,postcentral,Somatomotor,9
385,supramarginal,Frontoparietal,4
386,supramarginal,Frontoparietal,4
387,superiorparietal,Somatomotor,9
388,superiorparietal,Somatomotor,9
389,postcentral,Somatomotor,9
390,postcentral,Somatomotor,9
391,supramarginal,Frontoparietal 2,5
392,inferiorparietal,Cingulo_opercular,1
393,bankssts,Cingulo_opercular,1
394,middletemporal,Frontoparietal,4
395,supramarginal,Cingulo_opercular,1
396,supramarginal,Cingulo_opercular,1
397,supramarginal,Cingulo_opercular,1
398,middletemporal,Frontoparietal 2,5
399,middletemporal,Cingulo_opercular,1
400,superiortemporal,Cingulo_opercular,1
401,superiortemporal,Ventral_Attention,10
402,superiortemporal,Cingulo_opercular,1
403,superiortemporal,Cingulo_opercular,1
404,transversetemporal,Cingulo_opercular,1
405,bankssts,DMN,2
406,inferiorparietal,Cingulo_opercular,1
407,bankssts,Ventral_Attention,10
408,middletemporal,DMN,2
409,supramarginal,Cingulo_opercular,1
410,bankssts,Cingulo_opercular,1
411,bankssts,Ventral_Attention,10
412,bankssts,Ventral_Attention,10
413,supramarginal,Cingulo_opercular,1
414,superiortemporal,Cingulo_opercular,1
415,superiortemporal,Cingulo_opercular,1
416,superiortemporal,Cingulo_opercular,1
417,insula,Somatomotor,9
418,insula,Cingulo_opercular,1
419,insula,Cingulo_opercular,1
420,insula,Cingulo_opercular,1
421,superiortemporal,Zero,12
422,parstriangularis,Dorsal_Attention,3
423,parstriangularis,Ventral_Attention,10
424,parstriangularis,Cingulo_opercular,1
425,parsopercularis,Cingulo_opercular,1
426,precentral,Cingulo_opercular,1
427,insula,Somatomotor,9
428,rostralmiddlefrontal,Cingulo_opercular,1
429,parsorbitalis,Frontoparietal,4
430,parsorbitalis,DMN,2
431,lateralorbitofrontal,DMN,2
432,lateralorbitofrontal,DMN,2
433,insula,Salience,8
434,insula,Cingulo_opercular,1
435,insula,Salience,8
436,insula,Cingulo_opercular,1
437,precentral,Cingulo_opercular,1
438,insula,Frontoparietal,4
439,lateralorbitofrontal,Frontoparietal,4
440,parstriangularis,Cingulo_opercular,1
441,parstriangularis,Cingulo_opercular,1
442,superiorparietal,Somatomotor,9
443,superiorparietal,Cingulo_opercular,1
444,superiorparietal,Somatomotor,9
445,superiorparietal,Visual,11
446,superiorparietal,Dorsal_Attention,3
447,superiorparietal,Visual,11
448,superiorparietal,Visual,11
449,precuneus,Parieto_occipital,7
450,precuneus,Parieto_occipital,7
451,cuneus,Visual,11
452,precuneus,Visual,11
453,superiorparietal,Visual,11
454,superiorparietal,Visual,11
455,superiorparietal,Visual,11
456,superiorparietal,Medial_Parietal,6
457,superiorparietal,Frontoparietal,4
458,superiorparietal,Cingulo_opercular,1
459,precuneus,Frontoparietal,4
460,precuneus,Medial_Parietal,6
461,inferiorparietal,Frontoparietal 2,5
462,inferiorparietal,Frontoparietal,4
463,inferiorparietal,Frontoparietal,4
464,inferiorparietal,Frontoparietal,4
465,inferiorparietal,Frontoparietal,4
466,inferiorparietal,Frontoparietal,4
467,inferiorparietal,Frontoparietal,4
468,superiorparietal,Frontoparietal,4
469,superiorparietal,Visual,11
470,superiorparietal,Somatomotor,9
471,superiorparietal,Cingulo_opercular,1
472,lateraloccipital,Visual,11
473,lateraloccipital,Visual,11
474,inferiortemporal,Visual,11
475,middletemporal,Frontoparietal,4
476,middletemporal,Frontoparietal,4
477,inferiorparietal,Visual,11
478,inferiorparietal,Cingulo_opercular,1
479,middletemporal,Frontoparietal,4
480,inferiorparietal,Visual,11
481,inferiorparietal,Parieto_occipital,7
482,inferiorparietal,DMN,2
483,inferiorparietal,DMN,2
484,inferiorparietal,DMN,2
485,inferiorparietal,Frontoparietal 2,5
486,precentral,Somatomotor,9
487,precentral,Somatomotor,9
488,postcentral,Somatomotor,9
489,postcentral,Cingulo_opercular,1
490,supramarginal,Cingulo_opercular,1
491,supramarginal,Dorsal_Attention,3
492,supramarginal,Cingulo_opercular,1
493,supramarginal,Dorsal_Attention,3
494,supramarginal,Somatomotor,9
495,postcentral,Somatomotor,9
496,precentral,Cingulo_opercular,1
497,caudalmiddlefrontal,Cingulo_opercular,1
498,rostralmiddlefrontal,Frontoparietal,4
499,rostralmiddlefrontal,Frontoparietal,4
500,parstriangularis,Ventral_Attention,10
501,parstriangularis,Frontoparietal,4
502,parsopercularis,Frontoparietal,4
503,rostralmiddlefrontal,Frontoparietal,4
504,precentral,Cingulo_opercular,1
505,parsopercularis,Cingulo_opercular,1
506,parsopercularis,Frontoparietal,4
507,precentral,Frontoparietal,4
508,rostralmiddlefrontal,Frontoparietal,4
509,precentral,Dorsal_Attention,3
510,rostralmiddlefrontal,Frontoparietal,4
511,rostralmiddlefrontal,Cingulo_opercular,1
512,lateralorbitofrontal,Frontoparietal,4
513,medialorbitofrontal,DMN,2
514,medialorbitofrontal,Salience,8
515,medialorbitofrontal,Zero,12
516,insula,Zero,12
517,parsorbitalis,Frontoparietal,4
518,parsorbitalis,Frontoparietal,4
519,lateralorbitofrontal,Frontoparietal,4
520,lateralorbitofrontal,Zero,12
521,lateralorbitofrontal,Frontoparietal,4
522,lateralorbitofrontal,Zero,12
523,lateralorbitofrontal,Zero,12
524,lateralorbitofrontal,Zero,12
525,lateralorbitofrontal,Frontoparietal,4
526,medialorbitofrontal,DMN,2
527,medialorbitofrontal,DMN,2
528,middletemporal,Frontoparietal,4
529,middletemporal,Frontoparietal,4
530,middletemporal,DMN,2
531,middletemporal,Frontoparietal,4
532,fusiform,Visual,11
533,parahippocampal,Zero,12
534,entorhinal,Zero,12
535,Zero,7Networks,0
536,fusiform,Visual,11
537,fusiform,Visual,11
538,fusiform,Visual,11
539,inferiortemporal,Visual,11
540,inferiortemporal,Cingulo_opercular,1
541,temporalpole,Zero,12
542,inferiortemporal,Zero,12
543,middletemporal,DMN,2
544,inferiortemporal,Zero,12
545,inferiortemporal,Frontoparietal,4
546,inferiortemporal,Zero,12
547,fusiform,Zero,12
548,inferiortemporal,Zero,12
549,fusiform,Zero,12
550,inferiortemporal,Frontoparietal,4
551,inferiortemporal,Visual,11
552,fusiform,Visual,11
553,fusiform,Zero,12
554,fusiform,Zero,12
555,parahippocampal,Zero,12
556,lateraloccipital,Visual,11
557,pericalcarine,Visual,11
558,lingual,Visual,11
559,inferiortemporal,Frontoparietal,4
560,lateraloccipital,Visual,11
561,lateraloccipital,Visual,11
562,lateraloccipital,Visual,11
563,inferiortemporal,Visual,11
564,inferiortemporal,Visual,11
565,lateraloccipital,Visual,11
566,lateraloccipital,Visual,11
567,lateraloccipital,Visual,11
568,lateraloccipital,Visual,11
569,fusiform,Visual,11
570,lateraloccipital,Visual,11
571,lateraloccipital,Visual,11
572,lingual,Visual,11
573,cuneus,Visual,11
574,cuneus,Parieto_occipital,7
575,precuneus,Visual,11
576,precuneus,Parieto_occipital,7
577,???,Zero,12
578,???,Zero,12
579,???,Zero,12
580,???,Zero,12
581,???,Zero,12
582,superiorfrontal,DMN,2
583,superiorfrontal,Frontoparietal,4
584,rostralmiddlefrontal,DMN,2
585,rostralmiddlefrontal,Cingulo_opercular,1
586,frontalpole,Frontoparietal 2,5
587,rostralmiddlefrontal,Frontoparietal 2,5
588,superiorfrontal,DMN,2
589,medialorbitofrontal,Salience,8
590,rostralmiddlefrontal,Frontoparietal,4
591,superiorfrontal,DMN,2
592,rostralanteriorcingulate,Frontoparietal,4
593,superiorfrontal,DMN,2
594,rostralmiddlefrontal,Frontoparietal,4
595,superiorfrontal,DMN,2
596,superiorfrontal,Frontoparietal,4
597,superiorfrontal,Frontoparietal 2,5
598,rostralmiddlefrontal,Cingulo_opercular,1
599,superiorfrontal,DMN,2
600,rostralmiddlefrontal,Frontoparietal 2,5
601,superiorfrontal,Frontoparietal 2,5
602,rostralmiddlefrontal,Frontoparietal,4
603,caudalmiddlefrontal,Frontoparietal,4
604,caudalmiddlefrontal,Frontoparietal,4
605,caudalmiddlefrontal,Frontoparietal 2,5
606,superiortemporal,Zero,12
607,insula,Cingulo_opercular,1
608,superiortemporal,Cingulo_opercular,1
609,superiortemporal,Cingulo_opercular,1
610,superiortemporal,Ventral_Attention,10
611,superiortemporal,Ventral_Attention,10
612,superiortemporal,Cingulo_opercular,1
613,superiortemporal,Ventral_Attention,10
614,superiortemporal,DMN,2
615,middletemporal,DMN,2
616,Left-Thalamus-Proper,subcortical,13
617,Left-Caudate,subcortical,13
618,Left-Putamen,subcortical,13
619,Left-Pallidum,subcortical,13
620,Left-Hippocampus,subcortical,13
621,Left-Amygdala,subcortical,13
622,Left-Accumbens-area,subcortical,13
623,Right-Thalamus-Proper,subcortical,13
624,Right-Caudate,subcortical,13
625,Right-Putamen,subcortical,13
626,Right-Pallidum,subcortical,13
627,Right-Hippocampus,subcortical,13
628,Right-Amygdala,subcortical,13
629,Right-Accumbens-area,subcortical,13
